ONE FIT · Treino de Alta Performance|ONE FIT · High Performance Training|ONE FIT · Entrenamiento de Alto Rendimiento
Treino de alta performance|High performance training|Entrenamiento de alto rendimiento
TREINE PARA|TRAIN TO|ENTRENA PARA
SER O|BE THE|SER EL
UM|ONE|UNO
Não existe segundo lugar no seu treino. Na ONE FIT você treina pesado, evolui com método e sai de cada aula um pouco mais perto da sua melhor versão.|There is no second place in your training. At ONE FIT you train hard, make steady progress and leave each class closer to your best self.|No hay segundo lugar en tu entrenamiento. En ONE FIT entrenas con intensidad, progresas con método y sales de cada clase más cerca de tu mejor versión.
Comece hoje|Start today|Empieza hoy
Ver modalidades|Explore classes|Ver disciplinas
HALTERES|DUMBBELLS|MANCUERNAS
BARRAS OLÍMPICAS|OLYMPIC BARS|BARRAS OLÍMPICAS
CORDA NAVAL|BATTLE ROPES|CUERDAS DE BATALLA
ANILHAS|WEIGHT PLATES|DISCOS
RACK DE AGACHAMENTO|SQUAT RACK|RACK DE SENTADILLAS
PRANCHA ABDOMINAL|AB BENCH|BANCO ABDOMINAL
ESTEIRA|TREADMILL|CINTA DE CORRER
Alunos ativos|Active members|Alumnos activos
Anos de história|Years of experience|Años de historia
Modalidades|Classes|Disciplinas
Todos os dias|Every day|Todos los días
Estrutura|Facilities|Instalaciones
Equipamento|Real training|Equipamiento
de verdade|equipment|de verdad
Halteres até 60kg, barras olímpicas, racks de agachamento e tudo que você precisa para treinar pesado sem fila de espera.|Dumbbells up to 60 kg, Olympic bars, squat racks and everything you need to train hard without waiting.|Mancuernas de hasta 60 kg, barras olímpicas, racks de sentadillas y todo lo que necesitas para entrenar sin esperas.
Sala de Musculação|Weight room|Sala de musculación
Equipamentos completos, livres e guiados.|A full range of free weights and machines.|Equipamiento completo, pesos libres y máquinas.
Treino de Força|Strength training|Entrenamiento de fuerza
Halteres até 60kg para todos os níveis.|Dumbbells up to 60 kg for every level.|Mancuernas de hasta 60 kg para todos los niveles.
Área de Halteres|Dumbbell area|Zona de mancuernas
Rack organizado, do leve ao pesado.|Organized racks, from light to heavy.|Racks organizados, de menor a mayor peso.
Estúdio de Spinning|Spinning studio|Estudio de spinning
Bikes profissionais e aulas guiadas.|Professional bikes and guided classes.|Bicicletas profesionales y clases guiadas.
Escolha sua|Choose your|Elige tu
forma de treinar|way to train|forma de entrenar
Vários caminhos, um mesmo objetivo: sair mais forte do que entrou. Todos com professores especialistas acompanhando cada série.|Different paths, one goal: leave stronger than you arrived. Expert instructors guide every set.|Distintos caminos, un mismo objetivo: salir más fuerte. Profesores especializados acompañan cada serie.
Planos|Plans|Planes
Invista no|Invest in|Invierte en
seu progresso|your progress|tu progreso
Sem taxa de matrícula em nenhum plano. Cancele ou pause quando quiser, sem burocracia.|No enrollment fee on any plan. Cancel or pause whenever you need, with no hassle.|Sin cuota de inscripción en ningún plan. Cancela o pausa cuando quieras, sin complicaciones.
/mês|/month|/mes
Escolher plano|Choose plan|Elegir plan
Alunos|Members|Alumnos
Quem treina,|Our members|Quienes entrenan
confirma|say it best|lo confirman
Aluna há 8 meses|Member for 8 months|Alumna desde hace 8 meses
Aluno há 2 anos|Member for 2 years|Alumno desde hace 2 años
Aluna há 1 ano|Member for 1 year|Alumna desde hace 1 año
Comece agora!|Start now!|¡Empieza ahora!
Sua primeira|Your first|Tu primera
aula é|class is|clase es
grátis|free|gratis
Apareça, treine e sinta a diferença. Sem compromisso, sem cartão, sem letras miúdas.|Show up, train and feel the difference. No commitment, no card, no fine print.|Ven, entrena y siente la diferencia. Sin compromiso, sin tarjeta, sin letra pequeña.
Agendar aula experimental|Book a trial class|Reservar clase de prueba
Fale conosco pelo WhatsApp!|Chat with us on WhatsApp!|¡Contáctanos por WhatsApp!
Confirmar e-mail · ONE FIT|Confirm email · ONE FIT|Confirmar correo · ONE FIT
Segurança da conta|Account security|Seguridad de la cuenta
Confirmação de e-mail|Email confirmation|Confirmación del correo
Entrar na minha conta|Sign in to my account|Entrar en mi cuenta
Esqueci minha senha · ONE FIT|Forgot password · ONE FIT|Olvidé mi contraseña · ONE FIT
Recuperar acesso|Recover access|Recuperar acceso
SUA CONTA|YOUR ACCOUNT|TU CUENTA
EM SEGURANÇA|KEPT SAFE|SEGURA
Esqueci minha senha|Forgot password|Olvidé mi contraseña
Digite seu e-mail para receber instruções de redefinição de senha.|Enter your email to receive password reset instructions.|Introduce tu correo para recibir instrucciones para restablecer tu contraseña.
E-mail|Email|Correo electrónico
Enviar instruções|Send instructions|Enviar instrucciones
Lembrou sua senha?|Remember your password?|¿Recuerdas tu contraseña?
Entrar|Sign in|Entrar
Redefinir senha · ONE FIT|Reset password · ONE FIT|Restablecer contraseña · ONE FIT
Redefinir senha|Reset password|Restablecer contraseña
Defina uma nova senha para sua conta.|Set a new password for your account.|Establece una nueva contraseña para tu cuenta.
Nova senha|New password|Nueva contraseña
Confirmar nova senha|Confirm new password|Confirmar nueva contraseña
Salvar nova senha|Save new password|Guardar nueva contraseña
Solicitar novo link|Request a new link|Solicitar un nuevo enlace
Carrinho · ONE FIT|Cart · ONE FIT|Carrito · ONE FIT
One Fit · Carrinho|One Fit · Cart|One Fit · Carrito
Seu carrinho|Your cart|Tu carrito
Sem estoque suficiente para adicionar mais unidades deste produto.|Not enough stock to add more units of this product.|No hay existencias suficientes para añadir más unidades.
Ver minhas compras|View my purchases|Ver mis compras
Continuar comprando|Continue shopping|Seguir comprando
Seu carrinho está vazio.|Your cart is empty.|Tu carrito está vacío.
Ir para o Marketplace|Go to Marketplace|Ir al Marketplace
Checkout seguro|Secure checkout|Compra segura
Revise e finalize sua compra|Review and complete your purchase|Revisa y finaliza tu compra
Abra cada etapa quando precisar: resumo, endereço, cashback ou pagamento.|Open each step as needed: summary, address, cashback or payment.|Abre cada paso cuando lo necesites: resumen, dirección, cashback o pago.
Endereço de entrega|Delivery address|Dirección de entrega
Usar meu cashback|Use my cashback|Usar mi cashback
Forma de pagamento|Payment method|Método de pago
Abrir checkout|Open checkout|Abrir pago
Escolha um endereço de entrega antes de finalizar a compra.|Choose a delivery address before completing your purchase.|Elige una dirección de entrega antes de finalizar tu compra.
Não entregamos no CEP do endereço selecionado. Tente outro endereço.|We do not deliver to this postal code. Try another address.|No realizamos entregas en este código postal. Prueba otra dirección.
Resumo da compra|Order summary|Resumen de la compra
Frete|Shipping|Envío
Cashback a receber|Cashback earned|Cashback por recibir
Ir para endereço de entrega|Continue to delivery address|Ir a la dirección de entrega
Você ainda não tem nenhum endereço salvo.|You have no saved addresses yet.|Todavía no tienes direcciones guardadas.
Principal|Primary|Principal
Selecionado para entrega|Selected for delivery|Seleccionado para entrega
Usar este endereço|Use this address|Usar esta dirección
Adicionar novo endereço|Add new address|Añadir nueva dirección
Pix local: compra sem cobrança de frete. Recebimento não definido.|Local Pix: no shipping charge. Delivery date not set.|Pix local: compra sin cargo de envío. Entrega sin definir.
Não entregamos no CEP deste endereço.|We do not deliver to this postal code.|No realizamos entregas en este código postal.
Tipo de entrega|Delivery type|Tipo de entrega
Usar esta forma de entrega|Use this delivery method|Usar este método de entrega
Continuar para pagamento|Continue to payment|Continuar al pago
Disponível|Available|Disponible
Aplicar|Apply|Aplicar
Usar máximo|Use maximum|Usar máximo
Não usar|Do not use|No usar
Usar valor máximo|Use maximum amount|Usar el valor máximo
Valor rápido...|Quick amount...|Monto rápido...
Valor rápido de cashback|Quick cashback amount|Monto rápido de cashback
Aplicado|Applied|Aplicado
Restante para pagamento:|Remaining to pay:|Pendiente de pago:
Concluir compra|Complete purchase|Completar compra
Escolha um endereço de entrega antes de finalizar.|Choose a delivery address before continuing.|Elige una dirección de entrega antes de continuar.
Cartão|Card|Tarjeta
Crédito|Credit|Crédito
Débito|Debit|Débito
Arraste a barra até o valor desejado e clique em Aplicar|Drag the slider to the amount you want and click Apply|Arrastra la barra hasta el valor deseado y haz clic en Aplicar
Valor a pagar no PIX|Amount to pay with PIX|Importe a pagar con PIX
CHAVE PIX|PIX KEY|CLAVE PIX
Copiar chave PIX|Copy PIX key|Copiar clave PIX
Dados do cartão (simulação)|Card details (simulation)|Datos de la tarjeta (simulación)
Total da compra|Order total|Total de la compra
Cashback aplicado|Cashback applied|Cashback aplicado
Restante via|Remaining via|Resto mediante
Finalizar compra|Place order|Finalizar compra
Limpar carrinho|Clear cart|Vaciar carrito
Novo endereço de entrega|New delivery address|Nueva dirección de entrega
Apelido (opcional)|Label (optional)|Alias (opcional)
CEP|Postal code|Código postal
Logradouro|Street|Calle
Número|Number|Número
Complemento|Address line 2|Complemento
Bairro|Neighborhood|Barrio
Cidade|City|Ciudad
UF|State|Estado
Cancelar|Cancel|Cancelar
Salvar endereço|Save address|Guardar dirección
Alterar senha · ONE FIT|Change password · ONE FIT|Cambiar contraseña · ONE FIT
Alterar senha|Change password|Cambiar contraseña
Use sua senha atual para definir uma nova senha de acesso.|Use your current password to set a new one.|Usa tu contraseña actual para establecer una nueva.
Senha atual|Current password|Contraseña actual
Voltar ao painel|Back to dashboard|Volver al panel
Solicitar devolução|Request return|Solicitar devolución
Nenhuma compra encontrada.|No purchases found.|No se encontraron compras.
Total de pedidos|Total orders|Total de pedidos
Acompanhamento de pedido|Order tracking|Seguimiento de pedidos
ID transação|Transaction ID|ID de transacción
Produto|Product|Producto
Vendido por|Sold by|Vendido por
Quantidade|Quantity|Cantidad
Valor|Amount|Importe
Status|Status|Estado
Recebimento|Receipt|Recepción
Devolução|Return|Devolución
Nenhum pedido em andamento corresponde aos filtros selecionados.|No ongoing orders match the selected filters.|Ningún pedido en curso coincide con los filtros seleccionados.
Confirmar entrega|Confirm delivery|Confirmar entrega
Histórico de compra|Purchase history|Historial de compras
Data/hora|Date/time|Fecha/hora
Nenhuma compra no histórico corresponde aos filtros selecionados.|No past purchases match the selected filters.|Ninguna compra del historial coincide con los filtros seleccionados.
Notificações|Notifications|Notificaciones
Marcar todas como lidas|Mark all as read|Marcar todas como leídas
Nenhuma notificação por enquanto|No notifications yet|Aún no hay notificaciones
Carregando notificações…|Loading notifications…|Cargando notificaciones…
Editar perfil|Edit profile|Editar perfil
Configurações|Settings|Configuración
Logout|Sign out|Cerrar sesión
Formulário|Form|Formulario
Salvar|Save|Guardar
Pagar plano|Pay for plan|Pagar plan
Tipo do plano|Plan type|Tipo de plan
Crédito|Credit|Crédito
Débito|Debit|Débito
Gerar QR Code|Generate QR code|Generar código QR
Copiar código Pix|Copy Pix code|Copiar código Pix
Número do cartão|Card number|Número de tarjeta
Validade|Expiry date|Vencimiento
Pagar|Pay|Pagar
ID do usuário|User ID|ID del usuario
Documento (CPF)|Document (CPF)|Documento (CPF)
Nome|Name|Nombre
Para alterar nome ou documento, entre em contato com o atendimento administrativo.|Contact the administrative team to change your name or document.|Para cambiar tu nombre o documento, contacta con el equipo administrativo.
Telefone/Celular|Phone/Mobile|Teléfono/Móvil
Nacionalidade|Nationality|Nacionalidad
Data de nascimento|Date of birth|Fecha de nacimiento
Gênero|Gender|Género
Masculino|Male|Masculino
Feminino|Female|Femenino
Outro|Other|Otro
Estado (UF)|State (UF)|Estado (UF)
Endereço|Address|Dirección
Altura (m)|Height (m)|Altura (m)
Peso (kg)|Weight (kg)|Peso (kg)
IMC calculado (adultos)|Calculated BMI (adults)|IMC calculado (adultos)
Não informado|Not provided|No informado
Foto|Photo|Foto
JPG, PNG ou WEBP · Até 3 MB|JPG, PNG or WEBP · Up to 3 MB|JPG, PNG o WEBP · Hasta 3 MB
Dashboard|Dashboard|Panel
Resumo geral da operação ONE FIT.|Overview of ONE FIT operations.|Resumen general de la operación ONE FIT.
Usuários ativos|Active users|Usuarios activos
Saldo operacional (mês)|Operating balance (month)|Saldo operativo (mes)
Cashback distribuído|Cashback distributed|Cashback distribuido
Acessos liberados|Allowed accounts|Accesos permitidos
Acessos bloqueados|Blocked accounts|Accesos bloqueados
Profissionais ativos|Active professionals|Profesionales activos
Usuários|Users|Usuarios
Gerencie os usuários cadastrados na plataforma.|Manage registered platform users.|Gestiona los usuarios registrados en la plataforma.
Novo Usuário|New user|Nuevo usuario
Todos os status|All statuses|Todos los estados
Ativo|Active|Activo
Inativo|Inactive|Inactivo
Plano|Plan|Plan
Nº matrícula|Enrollment no.|N.º de inscripción
Data inicial|Start date|Fecha inicial
Final de contrato|Contract end|Fin del contrato
Ações|Actions|Acciones
Nenhum usuário encontrado para os filtros selecionados.|No users match the selected filters.|No se encontraron usuarios para los filtros seleccionados.
Permissões|Permissions|Permisos
Controle os níveis de acesso concedidos aos usuários.|Control the access levels granted to users.|Controla los niveles de acceso otorgados a los usuarios.
Cadastrar Permissão|Add permission|Registrar permiso
Tipo de função|Role type|Tipo de función
Nenhuma permissão encontrada.|No permissions found.|No se encontraron permisos.
Funções|Roles|Funciones
Gerencie as funções disponíveis para conceder permissões aos usuários.|Manage the roles available for granting user permissions.|Gestiona las funciones disponibles para conceder permisos a los usuarios.
Nova Função|New role|Nueva función
Pagamentos|Payments|Pagos
Acompanhe e registre os pagamentos recebidos.|Track and record received payments.|Consulta y registra los pagos recibidos.
Registrar Pagamento|Record payment|Registrar pago
Todos os tipos|All types|Todos los tipos
De|From|Desde
até|to|hasta
Data|Date|Fecha
Tipo|Type|Tipo
ID usuário|User ID|ID del usuario
Observação|Note|Observación
Nenhum pagamento encontrado para os filtros selecionados.|No payments match the selected filters.|No se encontraron pagos para los filtros seleccionados.
Acompanhe saldo, distribuição e lançamentos de cashback.|Track cashback balances, distribution and entries.|Consulta saldos, distribución y movimientos de cashback.
Distribuição em Massa|Bulk distribution|Distribución masiva
Lançar Cashback|Record cashback|Registrar cashback
Saldo total|Total balance|Saldo total
Distribuídos|Distributed|Distribuidos
Debitado|Debited|Debitado
Creditado|Credited|Acreditado
Motivo|Reason|Motivo
Nenhuma transação encontrada para os filtros selecionados.|No transactions match the selected filters.|No se encontraron transacciones para los filtros seleccionados.
Categorias|Categories|Categorías
Organize as categorias de produtos da loja.|Organize store product categories.|Organiza las categorías de productos de la tienda.
Nova Categoria|New category|Nueva categoría
Produtos|Products|Productos
Gerencie o catálogo de produtos da loja.|Manage the store product catalog.|Gestiona el catálogo de productos de la tienda.
Cadastro de Produto|Add product|Registrar producto
Total cadastrados|Total registered|Total registrados
Disponíveis|Available|Disponibles
Indisponíveis|Unavailable|No disponibles
Todos|All|Todos
Indisponível|Unavailable|No disponible
Preço|Price|Precio
Desconto|Discount|Descuento
Valor final|Final price|Precio final
Estoque|Stock|Existencias
Nenhum produto encontrado para os filtros selecionados.|No products match the selected filters.|No se encontraron productos para los filtros seleccionados.
Vendas Marketplace|Marketplace sales|Ventas del Marketplace
Vendas e logística de todos os vendedores do marketplace.|Sales and logistics for all marketplace sellers.|Ventas y logística de todos los vendedores del marketplace.
Vendas e logística|Sales and logistics|Ventas y logística
Transportadoras|Carriers|Transportistas
Devoluções|Returns|Devoluciones
Vendedor|Seller|Vendedor
Comprador|Buyer|Comprador
Qtd.|Qty.|Cant.
Transportadora|Carrier|Transportista
Rastreio / Status|Tracking / Status|Seguimiento / Estado
Nenhuma venda registrada ainda.|No sales recorded yet.|Aún no hay ventas registradas.
Cadastradas pelo admin, disponíveis para todos os vendedores.|Registered by administrators, available to all sellers.|Registradas por el administrador, disponibles para todos los vendedores.
Adicionar transportador|Add carrier|Añadir transportista
Faixa de CEP|Postal code range|Rango de códigos postales
CEP inicial|Starting postal code|Código postal inicial
CEP final|Ending postal code|Código postal final
Prazo|Delivery time|Plazo
Nenhuma faixa de CEP cadastrada ainda.|No postal code ranges registered yet.|Aún no hay rangos de códigos postales registrados.
Solicitado em|Requested on|Solicitado el
Pedido|Order|Pedido
Ação|Action|Acción
Aprovar|Approve|Aprobar
Recusar|Reject|Rechazar
Confirmar recusa|Confirm rejection|Confirmar rechazo
Concluir devolução|Complete return|Completar devolución
Nenhuma devolução solicitada até o momento.|No returns requested yet.|Aún no se han solicitado devoluciones.
Cadastro de Planos|Plan management|Gestión de planes
Configure os planos de assinatura disponíveis.|Configure available membership plans.|Configura los planes de suscripción disponibles.
Novo Plano|New plan|Nuevo plan
Ciclo|Cycle|Ciclo
Descrição|Description|Descripción
Nenhum plano encontrado para os filtros selecionados.|No plans match the selected filters.|No se encontraron planes para los filtros seleccionados.
Profissionais|Professionals|Profesionales
Gerencie os profissionais cadastrados na plataforma.|Manage registered professionals.|Gestiona los profesionales registrados en la plataforma.
Novo Profissional|New professional|Nuevo profesional
Função|Role|Función
Documento|Document|Documento
Nenhum profissional encontrado para os filtros selecionados.|No professionals match the selected filters.|No se encontraron profesionales para los filtros seleccionados.
Gerencie as modalidades oferecidas pela academia.|Manage the classes offered by the gym.|Gestiona las disciplinas ofrecidas por el gimnasio.
Nova Modalidade|New class|Nueva disciplina
Perfil|Profile|Perfil
Seus dados cadastrais na ONE FIT.|Your ONE FIT account details.|Tus datos de registro en ONE FIT.
Editar|Edit|Editar
Alterar|Change|Cambiar
Telefone|Phone|Teléfono
Data de cadastro|Registration date|Fecha de registro
Avaliação física|Fitness assessment|Evaluación física
Objetivo|Goal|Objetivo
Calcular IMC|Calculate BMI|Calcular IMC
Status de IMC|BMI status|Estado del IMC
Histórico|History|Historial
Histórico de pagamentos e movimentações.|Payment and transaction history.|Historial de pagos y movimientos.
Pagar Plano|Pay for plan|Pagar plan
Saldo disponível e histórico de movimentações.|Available balance and transaction history.|Saldo disponible e historial de movimientos.
Usar Cashback|Use cashback|Usar cashback
Saldo de cashback|Cashback balance|Saldo de cashback
Minha agenda|My schedule|Mi agenda
Datas disponíveis e agendadas com seus profissionais.|Available and booked dates with your professionals.|Fechas disponibles y reservadas con tus profesionales.
Agenda de avaliação física|Fitness assessment schedule|Agenda de evaluación física
Agendar|Schedule|Agendar
Minhas compras|My purchases|Mis compras
Acompanhamento e histórico dos seus pedidos.|Track your orders and purchase history.|Seguimiento e historial de tus pedidos.
Aguardando|Pending|Pendiente
Em preparação|Preparing|En preparación
Enviado|Shipped|Enviado
Finalizado|Completed|Finalizado
Cancelado|Cancelled|Cancelado
Devolvido|Returned|Devuelto
Extraviado|Lost|Extraviado
Conta|Account|Cuenta
Meu perfil|My profile|Mi perfil
Consulte e atualize os dados da sua conta.|View and update your account details.|Consulta y actualiza los datos de tu cuenta.
Preferências|Preferences|Preferencias
Personalize sua experiência e gerencie a segurança da conta.|Personalize your experience and manage account security.|Personaliza tu experiencia y gestiona la seguridad de tu cuenta.
Idioma|Language|Idioma
Escolha o idioma da interface.|Choose the interface language.|Elige el idioma de la interfaz.
Tema de cores do site|Site color theme|Tema de colores del sitio
A cor escolhida será aplicada para todos após salvar.|The selected color will apply to everyone after saving.|El color elegido se aplicará a todos después de guardar.
Tema da interface|Interface theme|Tema de la interfaz
Escolha como o ONE FIT será exibido neste dispositivo.|Choose how ONE FIT appears on this device.|Elige cómo se muestra ONE FIT en este dispositivo.
Tema claro|Light theme|Tema claro
Interface iluminada|Bright interface|Interfaz clara
Tema escuro|Dark theme|Tema oscuro
Interface com menos brilho|Less glare|Interfaz con menos brillo
Usar tema do sistema|Use system theme|Usar tema del sistema
Acompanha este dispositivo|Follows this device|Sigue la configuración del dispositivo
Escolha individualmente quais comunicações deseja receber.|Choose which notifications you want to receive.|Elige qué comunicaciones deseas recibir.
Não foi possível carregar suas preferências. Atualize a página e tente novamente.|Could not load your preferences. Refresh and try again.|No se pudieron cargar tus preferencias. Actualiza la página e inténtalo de nuevo.
Privacidade e segurança|Privacy and security|Privacidad y seguridad
Proteja suas credenciais de acesso ao ONE FIT.|Protect your ONE FIT login credentials.|Protege tus credenciales de acceso a ONE FIT.
Senha da conta|Account password|Contraseña de la cuenta
Use uma senha exclusiva com pelo menos 8 caracteres.|Use a unique password with at least 8 characters.|Usa una contraseña única de al menos 8 caracteres.
Gerencie sua sessão atual.|Manage your current session.|Gestiona tu sesión actual.
Sair da conta|Sign out|Cerrar sesión
Encerre sua sessão neste dispositivo.|End your session on this device.|Cierra tu sesión en este dispositivo.
Visão geral|Overview|Vista general
Conectando seus dados|Connecting your data|Conectando tus datos
Receita|Revenue|Ingresos
Pessoas ativas|Active people|Personas activas
Agenda|Schedule|Agenda
Sem dados para exibir|No data to display|No hay datos para mostrar
Nenhum dado carregado|No data loaded|No se han cargado datos
Resumo do seu contrato e saldo com a ONE FIT.|Your ONE FIT contract and balance summary.|Resumen de tu contrato y saldo con ONE FIT.
Status de contrato|Contract status|Estado del contrato
Validade de contrato|Contract expiry|Vigencia del contrato
Histórico de competências e valores recebidos.|History of payment periods and amounts received.|Historial de períodos e importes recibidos.
Exportar|Export|Exportar
Competência|Period|Período
Nenhum registro encontrado.|No records found.|No se encontraron registros.
Cadastre, edite ou remova vínculos com alunos já registrados.|Add, edit or remove links to registered members.|Añade, edita o elimina vínculos con alumnos registrados.
Adicionar aluno|Add member|Añadir alumno
Nenhum aluno vinculado.|No linked members.|No hay alumnos vinculados.
Cadastre horários disponíveis e gerencie os agendamentos.|Add available time slots and manage bookings.|Registra horarios disponibles y gestiona las reservas.
Horário disponível|Available time slot|Horario disponible
Agendados|Scheduled|Agendados
Nenhum agendamento ativo.|No active bookings.|No hay reservas activas.
Nenhum horário disponível cadastrado.|No available time slots registered.|No hay horarios disponibles registrados.
Meu cashback|My cashback|Mi cashback
Saldo disponível e histórico de créditos e débitos.|Available balance and credit/debit history.|Saldo disponible e historial de créditos y débitos.
Utilizar cashback|Use cashback|Usar cashback
Aluno|Member|Alumno
Selecione|Select|Selecciona
Todos os alunos ativos já estão vinculados.|All active members are already linked.|Todos los alumnos activos ya están vinculados.
Status do vínculo|Link status|Estado del vínculo
Novo horário disponível|New available time slot|Nuevo horario disponible
Modalidade|Class|Disciplina
Início|Start|Inicio
Fim|End|Fin
Local|Location|Lugar
Cadastrar|Register|Registrar
Novo agendamento|New booking|Nueva reserva
Título|Title|Título
Aula|Class|Clase
Avaliação|Assessment|Evaluación
Consulta|Consultation|Consulta
Reunião|Meeting|Reunión
Confirmar uso|Confirm use|Confirmar uso
Em construção|Under construction|En construcción
Treino|Workout|Entrenamiento
Treinos|Workouts|Entrenamientos
Monte e acompanhe sua ficha de treino.|Build and track your workout plan.|Crea y sigue tu plan de entrenamiento.
Limpar Treino|Clear workout|Borrar entrenamiento
Adicionar Treino|Add workout|Añadir entrenamiento
Dia da semana|Day of the week|Día de la semana
Dia|Day|Día
Exercício|Exercise|Ejercicio
Séries|Sets|Series
Repetições|Repetitions|Repeticiones
Carga|Weight|Carga
Nenhum exercício cadastrado.|No exercises added.|No hay ejercicios registrados.
Adicionar exercício|Add exercise|Añadir ejercicio
Selecione um dia|Select a day|Selecciona un día
Selecione um exercício|Select an exercise|Selecciona un ejercicio
Limpar treino|Clear workout|Borrar entrenamiento
Seus produtos e a logística das suas vendas no marketplace.|Your products and marketplace sales logistics.|Tus productos y la logística de tus ventas en el marketplace.
Ativos|Active|Activos
Inativos / pausados|Inactive / paused|Inactivos / pausados
Inativo / pausado|Inactive / paused|Inactivo / pausado
Alterar foto|Change photo|Cambiar foto
EDITAR PERFIL|EDIT PROFILE|EDITAR PERFIL
Painel · ONE FIT|Dashboard · ONE FIT|Panel · ONE FIT
Confirmar exclusão · ONE FIT|Confirm deletion · ONE FIT|Confirmar eliminación · ONE FIT
Ação irreversível|Irreversible action|Acción irreversible
Essa exclusão remove o registro definitivamente do banco de dados e não pode ser desfeita.|This permanently deletes the record and cannot be undone.|Esta acción elimina el registro permanentemente y no se puede deshacer.
Sim, excluir|Yes, delete|Sí, eliminar
Nome completo|Full name|Nombre completo
CPF (11 números)|CPF (11 digits)|CPF (11 dígitos)
Senha|Password|Contraseña
Celular|Mobile phone|Teléfono móvil
Acesso|Access|Acceso
Liberado|Allowed|Permitido
Bloqueado|Blocked|Bloqueado
Sem plano|No plan|Sin plan
Data inicial (matrícula)|Enrollment start date|Fecha inicial de inscripción
Final de contrato (matrícula)|Enrollment end date|Fecha final de inscripción
Cadastrar permissão|Add permission|Registrar permiso
E-mail do usuário|User email|Correo del usuario
Editar permissão|Edit permission|Editar permiso
Lançar cashback|Record cashback|Registrar cashback
Distribuição em massa|Bulk distribution|Distribución masiva
Valor (por usuário)|Amount (per user)|Importe (por usuario)
Alvo|Target|Destinatario
Todos os usuários|All users|Todos los usuarios
Somente usuários ativos|Active users only|Solo usuarios activos
Nome da categoria|Category name|Nombre de la categoría
Nome da função|Role name|Nombre de la función
Nome da modalidade|Class name|Nombre de la disciplina
Descrição (exibida na home)|Description (shown on home page)|Descripción (visible en el inicio)
Ícone (exibido na home)|Icon (shown on home page)|Icono (visible en el inicio)
Nome do produto|Product name|Nombre del producto
Categoria|Category|Categoría
Desconto (%)|Discount (%)|Descuento (%)
Imagem do produto|Product image|Imagen del producto
Nome do plano|Plan name|Nombre del plan
Valor do plano|Plan price|Precio del plan
Benefícios (um por linha, exibidos no card do site)|Benefits (one per line, shown on the site card)|Beneficios (uno por línea, visibles en la tarjeta del sitio)
Função / especialidade|Role / specialty|Función / especialidad
Modalidades ministradas|Classes taught|Disciplinas impartidas
Documento / registro|Document / registration|Documento / registro
Tipo de envio|Shipping type|Tipo de envío
Nova faixa de CEP|New postal code range|Nuevo rango de códigos postales
Valor do frete (R$)|Shipping cost (R$)|Coste de envío (R$)
Prazo (dias)|Delivery time (days)|Plazo (días)
Adicionar faixa|Add range|Añadir rango
Série falhada|Failed set|Serie fallida
Essa página falhou o levantamento|This page missed the lift|Esta página falló el levantamiento
A página que você procura não existe, mudou de lugar ou foi removida. Sem excesso de carga — volte para o início e recomece o treino do jeito certo.|This page does not exist, has moved or was removed. Return home and start again.|Esta página no existe, cambió de lugar o fue eliminada. Vuelve al inicio y empieza de nuevo.
Voltar para o início|Back to home|Volver al inicio
Ver planos|View plans|Ver planes
Contato|Contact|Contacto
Entrar · ONE FIT|Sign in · ONE FIT|Entrar · ONE FIT
Seu navegador não suporta vídeos|Your browser does not support video|Tu navegador no admite vídeos
Seu navegador não suporta vídeos.|Your browser does not support video.|Tu navegador no admite vídeos.
NÃO EXISTE|THERE IS NO|NO HAY
SEGUNDO|SECOND|SEGUNDO
LUGAR|PLACE|LUGAR
Bem-vindo de volta|Welcome back|Te damos la bienvenida
Acesse sua conta para acompanhar treinos, planos e agendamentos.|Sign in to track workouts, plans and bookings.|Entra en tu cuenta para consultar entrenamientos, planes y reservas.
Lembrar de mim|Remember me|Recordarme
Reenviar e-mail de confirmação|Resend confirmation email|Reenviar correo de confirmación
Ainda não treina com a gente?|Not training with us yet?|¿Todavía no entrenas con nosotros?
Criar conta|Create account|Crear cuenta
Seu Cashback:|Your cashback:|Tu cashback:
Produto adicionado ao carrinho!|Product added to cart!|¡Producto añadido al carrito!
Nenhum produto disponível no momento. Volte em breve!|No products available right now. Check back soon!|No hay productos disponibles por el momento. ¡Vuelve pronto!
Adicionar|Add|Añadir
Comprar agora|Buy now|Comprar ahora
Comprar|Buy|Comprar
Seus favoritos|Your favorites|Tus favoritos
Você ainda não favoritou nenhum produto.|You have no favorite products yet.|Todavía no tienes productos favoritos.
Detalhes do produto|Product details|Detalles del producto
Adicionar ao carrinho|Add to cart|Añadir al carrito
Matrícula · ONE FIT|Enrollment · ONE FIT|Inscripción · ONE FIT
Comece agora|Start now|Empieza ahora
SUA PRIMEIRA|YOUR FIRST|TU PRIMERA
AULA É GRÁTIS|CLASS IS FREE|CLASE ES GRATIS
Junte-se à ONE FIT|Join ONE FIT|Únete a ONE FIT
Matrícula|Enrollment|Inscripción
Preencha seus dados para começar a treinar com a gente.|Enter your details to start training with us.|Completa tus datos para empezar a entrenar con nosotros.
Dados|Details|Datos
Pagamento|Payment|Pago
Confirmar senha|Confirm password|Confirmar contraseña
Continuar|Continue|Continuar
Buscar|Search|Buscar
Estado|State|Estado
Voltar|Back|Volver
Mais escolhido|Most popular|Más elegido
Cartão de crédito|Credit card|Tarjeta de crédito
Nome impresso no cartão|Name on card|Nombre en la tarjeta
O código Pix é gerado após a confirmação da matrícula e enviado para o seu e-mail, com validade de 30 minutos.|The Pix code is generated after enrollment confirmation and emailed to you. It is valid for 30 minutes.|El código Pix se genera al confirmar la inscripción y se envía a tu correo. Es válido durante 30 minutos.
Li e aceito os|I have read and accept the|He leído y acepto los
termos de uso|terms of use|términos de uso
e a|and the|y la
política de privacidade|privacy policy|política de privacidad
Confirmar matrícula|Confirm enrollment|Confirmar inscripción
Já tem uma conta?|Already have an account?|¿Ya tienes una cuenta?
Sobre nós|About us|Sobre nosotros
Matricule-se|Join now|Inscríbete
Conheça nossos planos|Explore our plans|Conoce nuestros planes
Encontre nossa unidade|Find our gym|Encuentra nuestro gimnasio
Conheça nosso espaço|Explore our facilities|Conoce nuestras instalaciones
Nossos profissionais|Our professionals|Nuestros profesionales
Termos de uso|Terms of use|Términos de uso
Políticas de privacidade|Privacy policy|Política de privacidad
Ajuda e suporte|Help and support|Ayuda y soporte
Entre em contato|Get in touch|Contáctanos
Visite nossas redes sociais|Follow us on social media|Visita nuestras redes sociales
Dourado|Gold|Dorado
Azul|Blue|Azul
Verde|Green|Verde
Vermelho|Red|Rojo
Roxo|Purple|Morado
Pesquisar e selecionar|Search and select|Buscar y seleccionar
{n} opções disponíveis|{n} options available|{n} opciones disponibles
Nenhum resultado|No results|Sin resultados
Selecione uma opção válida.|Select a valid option.|Selecciona una opción válida.
Selecione uma nacionalidade válida.|Select a valid nationality.|Selecciona una nacionalidad válida.
Ampliar foto de perfil|Enlarge profile photo|Ampliar foto de perfil
Foto de perfil ampliada|Enlarged profile photo|Foto de perfil ampliada
Fechar|Close|Cerrar
Prévia da nova foto|New photo preview|Vista previa de la nueva foto
Profissional|Professional|Profesional
Novo pedido no marketplace|New marketplace order|Nuevo pedido en el marketplace
{tipo} · Pedido #{pedido} · R$ {valor} · {data}|{tipo} · Order #{pedido} · R$ {valor} · {data}|{tipo} · Pedido #{pedido} · R$ {valor} · {data}
Lembretes de treino|Workout reminders|Recordatorios de entrenamiento
Avisos de agendamentos|Booking notifications|Avisos de reservas
Atualizações de compras|Purchase updates|Actualizaciones de compras
Ofertas e novidades|Offers and news|Ofertas y novedades
Notificações por e-mail|Email notifications|Notificaciones por correo
Sua sessão expirou. Entre novamente.|Your session has expired. Sign in again.|Tu sesión ha caducado. Vuelve a entrar.
Sua sessão expirou. Atualize a página e tente novamente.|Your session has expired. Refresh the page and try again.|Tu sesión ha caducado. Actualiza la página e inténtalo de nuevo.
Método não permitido.|Method not allowed.|Método no permitido.
Preferência inválida.|Invalid preference.|Preferencia inválida.
Tema inválido.|Invalid theme.|Tema inválido.
Preferência salva.|Preference saved.|Preferencia guardada.
Não foi possível salvar. Tente novamente.|Could not save. Try again.|No se pudo guardar. Inténtalo de nuevo.
Acesso não autorizado.|Access denied.|Acceso no autorizado.
Conta não encontrada.|Account not found.|Cuenta no encontrada.
Preencha todos os campos obrigatórios.|Fill in all required fields.|Completa todos los campos obligatorios.
Informe um CPF com 11 números.|Enter a CPF with 11 digits.|Introduce un CPF de 11 dígitos.
Informe um e-mail válido.|Enter a valid email address.|Introduce un correo válido.
Informe um celular/telefone válido, com DDD (10 ou 11 números).|Enter a valid phone number with area code (10 or 11 digits).|Introduce un teléfono válido con código de área (10 u 11 dígitos).
Selecione um gênero válido.|Select a valid gender.|Selecciona un género válido.
Informe o estado usando uma UF válida.|Enter a valid state code.|Introduce un código de estado válido.
Para manter seu perfil na ONE FIT, você precisa ter pelo menos 12 anos.|You must be at least 12 years old to have a ONE FIT profile.|Debes tener al menos 12 años para tener un perfil en ONE FIT.
Confira os valores de altura e peso.|Check the height and weight values.|Comprueba los valores de altura y peso.
O CPF ou e-mail informado já pertence a outra conta.|This CPF or email is already used by another account.|El CPF o correo ya pertenece a otra cuenta.
Perfil atualizado com sucesso!|Profile updated successfully!|¡Perfil actualizado correctamente!
Não foi possível atualizar o perfil. Confira os dados e tente novamente.|Could not update your profile. Check the details and try again.|No se pudo actualizar el perfil. Comprueba los datos e inténtalo de nuevo.
Foto atualizada com sucesso!|Photo updated successfully!|¡Foto actualizada correctamente!
Selecione uma foto.|Select a photo.|Selecciona una foto.
Não foi possível salvar a foto.|Could not save the photo.|No se pudo guardar la foto.
Selecione uma imagem JPG, PNG ou WEBP de até 3 MB.|Select a JPG, PNG or WEBP image up to 3 MB.|Selecciona una imagen JPG, PNG o WEBP de hasta 3 MB.
Salvando foto…|Saving photo…|Guardando foto…
Abaixo do peso|Underweight|Bajo peso
Peso adequado|Healthy weight|Peso adecuado
Sobrepeso|Overweight|Sobrepeso
Obesidade grau I|Obesity class I|Obesidad grado I
Obesidade grau II|Obesity class II|Obesidad grado II
Obesidade grau III|Obesity class III|Obesidad grado III
Não lida. |Unread. |No leída. 
Ver detalhes|View details|Ver detalles
Atualize a página e tente novamente.|Refresh the page and try again.|Actualiza la página e inténtalo de nuevo.
Não foi possível atualizar as notificações. Tente novamente.|Could not update notifications. Try again.|No se pudieron actualizar las notificaciones. Inténtalo de nuevo.
E-mail ou senha incorretos. Confira os dados e tente novamente.|Incorrect email or password. Check your details and try again.|Correo o contraseña incorrectos. Comprueba los datos e inténtalo de nuevo.
Sua conta está inativa ou bloqueada. Entre em contato com a ONE FIT caso deseja reativar sua conta.|Your account is inactive or blocked. Contact ONE FIT to reactivate it.|Tu cuenta está inactiva o bloqueada. Contacta con ONE FIT para reactivarla.
Preencha o e-mail e a senha para entrar.|Enter your email and password to sign in.|Introduce tu correo y contraseña para entrar.
Cadastro realizado com sucesso! Agora você já pode entrar.|Registration successful! You can now sign in.|¡Registro completado! Ya puedes entrar.
Digite um endereço de e-mail válido.|Enter a valid email address.|Introduce una dirección de correo válida.
Você precisa confirmar seu e-mail antes de acessar sua conta.|Confirm your email before accessing your account.|Confirma tu correo antes de acceder a tu cuenta.
Escolha um endereço de entrega válido.|Choose a valid delivery address.|Elige una dirección de entrega válida.
Escolha uma forma de pagamento válida.|Choose a valid payment method.|Elige un método de pago válido.
Informe um valor de cashback válido.|Enter a valid cashback amount.|Introduce un importe de cashback válido.
Entre novamente para finalizar a compra.|Sign in again to complete your purchase.|Vuelve a entrar para finalizar tu compra.
Um produto ficou indisponível. Revise o carrinho.|A product became unavailable. Review your cart.|Un producto dejó de estar disponible. Revisa tu carrito.
Estoque insuficiente. Revise as quantidades do carrinho.|Insufficient stock. Review cart quantities.|Existencias insuficientes. Revisa las cantidades del carrito.
Um produto está com preço inválido. Revise o carrinho.|A product has an invalid price. Review your cart.|Un producto tiene un precio inválido. Revisa tu carrito.
Nenhum produto disponível no carrinho.|No products available in your cart.|No hay productos disponibles en el carrito.
Nenhuma entrega disponível para o CEP selecionado.|No delivery available for the selected postal code.|No hay entregas disponibles para el código postal seleccionado.
Este checkout expirou ou já foi enviado. Revise o carrinho e tente novamente.|This checkout has expired or was already submitted. Review your cart and try again.|Este pago caducó o ya fue enviado. Revisa el carrito e inténtalo de nuevo.
Não foi possível salvar o pedido. Seu carrinho foi mantido. Tente novamente.|Could not save the order. Your cart has been kept. Try again.|No se pudo guardar el pedido. Tu carrito se ha conservado. Inténtalo de nuevo.
Não foi possível concluir o cadastro. Confira os campos obrigatórios e tente novamente.|Could not complete registration. Check the required fields and try again.|No se pudo completar el registro. Revisa los campos obligatorios e inténtalo de nuevo.
As senhas não coincidem. Digite a mesma senha nos dois campos.|Passwords do not match. Enter the same password in both fields.|Las contraseñas no coinciden. Introduce la misma en ambos campos.
Este CPF ou e-mail já está cadastrado. Tente entrar na sua conta.|This CPF or email is already registered. Try signing in.|Este CPF o correo ya está registrado. Intenta entrar en tu cuenta.
O plano selecionado não está disponível. Escolha outro plano.|The selected plan is unavailable. Choose another plan.|El plan seleccionado no está disponible. Elige otro.
A senha precisa ter pelo menos 8 caracteres.|The password must have at least 8 characters.|La contraseña debe tener al menos 8 caracteres.
Digite um CPF válido com 11 números.|Enter a valid 11-digit CPF.|Introduce un CPF válido de 11 dígitos.
Não foi possível registrar o pagamento. Tente novamente.|Could not record payment. Try again.|No se pudo registrar el pago. Inténtalo de nuevo.
Para se matricular na One Fit, é necessário ter ao menos 18 anos de idade ou 12 com autorização dos pais ou responsáveis.|To join One Fit you must be at least 18, or 12 with permission from a parent or guardian.|Para inscribirte en One Fit debes tener al menos 18 años, o 12 con autorización de tus padres o tutores.
Informe uma data de nascimento válida.|Enter a valid date of birth.|Introduce una fecha de nacimiento válida.
Digite um telefone válido com DDD.|Enter a valid phone number with area code.|Introduce un teléfono válido con código de área.
Selecione uma cidade válida para o estado informado.|Select a valid city for the selected state.|Selecciona una ciudad válida para el estado indicado.
Não foi possível validar a cidade. Tente novamente.|Could not validate the city. Try again.|No se pudo validar la ciudad. Inténtalo de nuevo.
Preencha este campo.|Fill in this field.|Completa este campo.
Digite um e-mail válido.|Enter a valid email.|Introduce un correo válido.
Formato inválido.|Invalid format.|Formato inválido.
Verifique este campo.|Check this field.|Revisa este campo.
Ocultar senha|Hide password|Ocultar contraseña
Mostrar senha|Show password|Mostrar contraseña
Mínimo de {n} caracteres.|At least {n} characters.|Mínimo de {n} caracteres.
Informe um valor maior que zero e até {max}.|Enter a value greater than zero and up to {max}.|Introduce un valor mayor que cero y de hasta {max}.
Notificações: {n} não lidas|Notifications: {n} unread|Notificaciones: {n} sin leer
Selecione primeiro um estado|Select a state first|Selecciona primero un estado
Selecione o estado|Select a state|Selecciona el estado
Selecione a cidade|Select a city|Selecciona la ciudad
Carregando cidades...|Loading cities...|Cargando ciudades...
Busque pelo nome da cidade|Search by city name|Busca por nombre de ciudad
Preparando|Preparing|Preparando
Despachado|Dispatched|Despachado
Entregue|Delivered|Entregado
Segunda-feira|Monday|Lunes
Terça-feira|Tuesday|Martes
Quarta-feira|Wednesday|Miércoles
Quinta-feira|Thursday|Jueves
Sexta-feira|Friday|Viernes
Sábado|Saturday|Sábado
Domingo|Sunday|Domingo
Visão Geral|Overview|Vista general
Pesquisar no painel|Search dashboard|Buscar en el panel
Apagar todas|Delete all|Eliminar todas
Apagar notificação|Delete notification|Eliminar notificación
Apagar todas as notificações? Esta ação não pode ser desfeita.|Delete all notifications? This cannot be undone.|¿Eliminar todas las notificaciones? Esta acción no se puede deshacer.
Notificação apagada.|Notification deleted.|Notificación eliminada.
Todas as notificações foram apagadas.|All notifications deleted.|Todas las notificaciones fueron eliminadas.
Notificação não encontrada.|Notification not found.|Notificación no encontrada.
Ação inválida.|Invalid action.|Acción no válida.
Opções da foto de perfil|Profile photo options|Opciones de foto de perfil
Ver foto de perfil|View profile photo|Ver foto de perfil
Alterar foto de perfil|Change profile photo|Cambiar foto de perfil
Todas as notificações foram marcadas como lidas.|All notifications marked as read.|Todas las notificaciones fueron marcadas como leídas.
